Distance_km,Preparation_Time_min,Delivery_Time_min,Weather_Foggy,Weather_Rainy,Weather_Snowy,Weather_Windy,Vehicle_Type_Car,Vehicle_Type_Scooter,Traffic_Level_encoded,Time_of_day_encoded
7.93,12,43,0.0,0.0,0.0,1.0,0.0,1.0,1,1
16.42,20,84,0.0,0.0,0.0,0.0,0.0,0.0,2,2
9.52,28,59,1.0,0.0,0.0,0.0,0.0,1.0,1,3
7.44,5,37,0.0,1.0,0.0,0.0,0.0,1.0,2,1
19.03,16,68,0.0,0.0,0.0,0.0,0.0,0.0,1,4
19.4,8,57,0.0,0.0,0.0,0.0,0.0,1.0,1,2
9.52,12,49,0.0,0.0,0.0,0.0,0.0,0.0,1,1
17.39,5,46,0.0,0.0,0.0,0.0,0.0,1.0,2,2
1.78,20,35,0.0,0.0,1.0,0.0,1.0,0.0,1,2
10.62,29,73,1.0,0.0,0.0,0.0,0.0,1.0,1,2
16.86,13,88,0.0,0.0,1.0,0.0,1.0,0.0,2,1
15.54,29,76,0.0,0.0,0.0,0.0,0.0,0.0,1,3
10.89,12,53,0.0,0.0,0.0,0.0,0.0,0.0,3,3
4.69,12,36,0.0,1.0,0.0,0.0,0.0,1.0,2,2
2.8,10,33,0.0,0.0,0.0,0.0,0.0,1.0,3,4
2.17,15,35,0.0,0.0,1.0,0.0,1.0,0.0,1,2
17.86,5,50,0.0,1.0,0.0,0.0,0.0,0.0,1,1
2.53,6,24,0.0,0.0,1.0,0.0,0.0,0.0,1,4
6.58,6,27,1.0,0.0,0.0,0.0,1.0,0.0,1,2
5.38,26,47,0.0,0.0,0.0,0.0,0.0,1.0,2,2
15.56,28,72,0.0,1.0,0.0,0.0,0.0,1.0,1,1
13.08,16,58,0.0,1.0,0.0,0.0,1.0,0.0,1,4
0.86,26,37,0.0,0.0,0.0,0.0,0.0,0.0,3,1
5.83,27,56,0.0,0.0,0.0,0.0,1.0,0.0,3,2
11.2,23,73,0.0,0.0,0.0,0.0,0.0,0.0,2,4
14.59,15,64,0.0,0.0,0.0,0.0,0.0,0.0,2,4
12.91,11,56,0.0,0.0,0.0,1.0,0.0,0.0,2,2
13.92,18,70,0.0,0.0,1.0,0.0,0.0,1.0,1,4
4.04,11,70,0.0,0.0,1.0,0.0,0.0,0.0,1,3
18.05,10,123,0.0,0.0,0.0,0.0,0.0,1.0,2,2
12.88,8,52,0.0,0.0,0.0,0.0,0.0,1.0,2,4
19.45,20,108,0.0,1.0,0.0,0.0,0.0,1.0,3,4
4.58,22,45,0.0,0.0,0.0,0.0,0.0,1.0,3,4
19.73,27,111,1.0,0.0,0.0,0.0,0.0,0.0,2,2
2.47,27,44,0.0,0.0,0.0,1.0,0.0,0.0,2,4
17.8,16,73,0.0,0.0,1.0,0.0,0.0,0.0,2,4
5.96,22,45,0.0,0.0,0.0,0.0,0.0,0.0,2,1
12.85,18,61,0.0,0.0,0.0,1.0,0.0,1.0,2,1
1.02,25,34,0.0,0.0,0.0,0.0,0.0,0.0,2,1
6.84,14,47,0.0,1.0,0.0,0.0,1.0,0.0,2,3
8.68,8,52,0.0,1.0,0.0,0.0,0.0,0.0,2,4
10.69,25,67,0.0,0.0,0.0,0.0,0.0,0.0,2,3
0.99,15,32,0.0,0.0,0.0,0.0,0.0,0.0,2,2
1.11,5,8,0.0,0.0,0.0,0.0,0.0,0.0,1,4
2.16,15,36,0.0,0.0,1.0,0.0,0.0,1.0,1,2
13.17,16,67,0.0,0.0,0.0,1.0,0.0,0.0,2,1
8.79,14,43,0.0,0.0,1.0,0.0,0.0,0.0,1,3
5.93,19,36,0.0,0.0,0.0,0.0,0.0,1.0,1,1
2.09,23,36,0.0,1.0,0.0,0.0,0.0,0.0,1,3
7.57,21,56,0.0,0.0,0.0,0.0,0.0,0.0,1,4
10.52,8,56,0.0,1.0,0.0,0.0,0.0,1.0,2,1
4.83,25,47,0.0,1.0,0.0,0.0,1.0,0.0,1,4
19.81,20,104,0.0,0.0,1.0,0.0,1.0,0.0,2,1
10.1,8,50,0.0,1.0,0.0,0.0,1.0,0.0,1,2
7.64,10,31,0.0,0.0,0.0,1.0,1.0,0.0,1,1
12.35,10,35,0.0,0.0,0.0,0.0,0.0,1.0,1,4
5.9,26,44,0.0,1.0,0.0,0.0,1.0,0.0,1,2
0.9,20,23,0.0,0.0,0.0,0.0,0.0,0.0,1,1
11.58,16,61,0.0,0.0,0.0,0.0,0.0,1.0,2,4
16.16,11,82,0.0,0.0,0.0,0.0,0.0,0.0,3,1
15.51,17,69,0.0,0.0,0.0,0.0,0.0,0.0,1,2
12.16,11,69,0.0,0.0,0.0,1.0,0.0,1.0,3,2
4.96,21,60,0.0,1.0,0.0,0.0,0.0,0.0,3,4
3.64,17,40,0.0,0.0,0.0,1.0,0.0,0.0,3,2
2.85,26,38,0.0,0.0,0.0,0.0,0.0,1.0,1,4
10.4,16,52,0.0,0.0,0.0,0.0,0.0,0.0,1,2
12.31,29,68,0.0,0.0,0.0,1.0,0.0,0.0,1,4
3.53,13,31,0.0,0.0,0.0,0.0,0.0,0.0,2,1
15.56,14,54,0.0,0.0,0.0,0.0,0.0,0.0,2,2
13.6,27,87,0.0,0.0,0.0,0.0,0.0,0.0,2,1
15.23,5,62,0.0,0.0,1.0,0.0,0.0,0.0,3,4
4.17,5,22,0.0,0.0,0.0,0.0,0.0,1.0,1,2
3.21,16,42,0.0,1.0,0.0,0.0,0.0,1.0,3,3
6.38,16,111,0.0,0.0,1.0,0.0,0.0,0.0,1,2
16.54,6,51,0.0,1.0,0.0,0.0,0.0,1.0,1,1
12.02,9,41,0.0,0.0,0.0,0.0,1.0,0.0,1,4
11.94,20,69,0.0,0.0,0.0,0.0,0.0,0.0,1,2
9.08,14,49,0.0,0.0,0.0,0.0,0.0,1.0,1,1
3.46,23,48,0.0,0.0,1.0,0.0,0.0,1.0,2,4
6.8,13,46,1.0,0.0,0.0,0.0,0.0,1.0,2,4
17.38,11,92,0.0,1.0,0.0,0.0,0.0,1.0,2,1
3.25,23,32,0.0,0.0,0.0,0.0,0.0,0.0,1,4
10.28,29,71,0.0,0.0,0.0,0.0,0.0,1.0,2,2
16.14,6,65,0.0,0.0,0.0,0.0,1.0,0.0,1,3
3.55,23,43,0.0,0.0,0.0,0.0,0.0,0.0,2,2
10.65,23,58,0.0,0.0,0.0,0.0,0.0,1.0,2,1
19.03,26,68,0.0,0.0,0.0,0.0,1.0,0.0,1,1
7.3,14,28,0.0,0.0,0.0,0.0,0.0,1.0,1,3
7.03,21,44,0.0,0.0,0.0,0.0,0.0,1.0,1,2
12.43,12,70,0.0,0.0,1.0,0.0,1.0,0.0,1,1
12.76,27,74,0.0,0.0,0.0,1.0,0.0,1.0,3,4
11.39,14,72,0.0,1.0,0.0,0.0,0.0,1.0,3,2
19.41,7,48,0.0,0.0,0.0,0.0,1.0,0.0,1,4
13.17,17,69,0.0,1.0,0.0,0.0,0.0,1.0,3,2
8.32,12,49,0.0,1.0,0.0,0.0,1.0,0.0,1,1
1.92,8,14,0.0,0.0,0.0,0.0,0.0,0.0,1,1
1.15,26,30,0.0,0.0,0.0,0.0,0.0,1.0,1,1
17.8,12,73,0.0,0.0,0.0,1.0,1.0,0.0,3,1
7.46,8,42,0.0,0.0,0.0,0.0,0.0,0.0,2,2
7.25,18,45,0.0,0.0,0.0,0.0,0.0,1.0,2,1
16.7,28,76,0.0,0.0,0.0,0.0,0.0,1.0,2,1
17.2,14,94,0.0,1.0,0.0,0.0,0.0,1.0,3,1
0.86,21,28,0.0,0.0,0.0,0.0,1.0,0.0,2,1
18.76,15,80,0.0,0.0,0.0,0.0,1.0,0.0,2,2
9.22,18,57,0.0,0.0,0.0,0.0,1.0,0.0,2,1
2.84,24,35,0.0,0.0,0.0,0.0,0.0,1.0,1,2
17.59,24,69,0.0,0.0,0.0,0.0,0.0,0.0,1,4
14.89,17,87,0.0,0.0,1.0,0.0,0.0,1.0,3,4
1.3,22,31,0.0,0.0,0.0,0.0,0.0,0.0,2,2
18.99,10,70,0.0,1.0,0.0,0.0,0.0,0.0,3,1
1.6,24,37,1.0,0.0,0.0,0.0,0.0,1.0,1,3
8.26,15,57,0.0,0.0,1.0,0.0,0.0,0.0,1,1
10.16,12,52,0.0,0.0,0.0,0.0,0.0,0.0,3,3
12.03,20,65,0.0,0.0,0.0,0.0,1.0,0.0,2,1
14.73,24,74,0.0,1.0,0.0,0.0,0.0,0.0,1,1
12.56,17,69,0.0,0.0,0.0,0.0,0.0,0.0,3,2
5.53,19,44,0.0,0.0,0.0,0.0,0.0,0.0,2,1
10.18,25,73,1.0,0.0,0.0,0.0,0.0,0.0,2,4
15.5,28,91,0.0,0.0,0.0,0.0,0.0,1.0,2,4
2.98,11,27,1.0,0.0,0.0,0.0,0.0,0.0,2,3
16.69,8,65,1.0,0.0,0.0,0.0,0.0,1.0,2,2
11.22,25,79,0.0,0.0,0.0,1.0,0.0,0.0,3,2
8.53,8,41,0.0,0.0,0.0,0.0,0.0,1.0,1,2
12.49,25,77,0.0,0.0,0.0,0.0,0.0,0.0,2,4
0.97,24,26,0.0,0.0,0.0,0.0,0.0,1.0,1,3
12.6,8,58,0.0,0.0,0.0,1.0,1.0,0.0,2,1
6.91,28,56,0.0,0.0,0.0,0.0,0.0,1.0,2,2
18.97,25,141,0.0,0.0,0.0,0.0,1.0,0.0,1,2
4.05,20,44,0.0,0.0,0.0,0.0,0.0,0.0,2,2
14.29,14,78,0.0,0.0,0.0,1.0,0.0,0.0,2,4
1.3,19,29,1.0,0.0,0.0,0.0,0.0,0.0,1,2
12.11,9,59,0.0,1.0,0.0,0.0,0.0,0.0,1,4
14.94,11,62,0.0,0.0,0.0,0.0,0.0,0.0,2,4
2.29,8,80,0.0,1.0,0.0,0.0,1.0,0.0,3,1
17.36,24,105,0.0,1.0,0.0,0.0,0.0,0.0,3,1
18.48,8,82,0.0,0.0,0.0,0.0,0.0,0.0,2,3
16.25,10,91,1.0,0.0,0.0,0.0,0.0,0.0,3,4
5.13,15,30,0.0,0.0,0.0,0.0,1.0,0.0,1,4
15.81,25,92,0.0,0.0,0.0,0.0,1.0,0.0,1,1
0.61,10,16,0.0,0.0,0.0,0.0,0.0,1.0,1,1
5.55,18,116,1.0,0.0,0.0,0.0,0.0,0.0,3,2
19.35,12,75,0.0,0.0,0.0,0.0,0.0,0.0,3,1
4.03,9,25,0.0,0.0,0.0,0.0,0.0,0.0,2,2
7.09,13,37,0.0,0.0,1.0,0.0,0.0,1.0,1,4
8.25,7,28,0.0,0.0,0.0,0.0,0.0,0.0,2,1
11.26,5,49,0.0,0.0,0.0,0.0,0.0,0.0,1,3
19.7,10,60,0.0,1.0,0.0,0.0,0.0,0.0,1,2
0.8,14,36,0.0,0.0,1.0,0.0,0.0,0.0,3,2
7.0,17,49,0.0,1.0,0.0,0.0,0.0,0.0,2,2
14.43,14,113,0.0,0.0,0.0,0.0,1.0,0.0,2,4
6.89,11,43,0.0,1.0,0.0,0.0,0.0,0.0,2,1
5.13,25,60,1.0,0.0,0.0,0.0,1.0,0.0,2,2
1.5,10,17,0.0,0.0,0.0,0.0,0.0,0.0,1,1
2.78,9,41,0.0,0.0,0.0,0.0,0.0,1.0,3,1
11.31,7,54,0.0,0.0,0.0,0.0,0.0,0.0,2,2
15.05,12,66,0.0,0.0,0.0,0.0,1.0,0.0,2,2
5.78,9,33,1.0,0.0,0.0,0.0,0.0,1.0,1,1
11.83,9,32,0.0,0.0,0.0,0.0,0.0,1.0,1,2
8.08,25,61,1.0,0.0,0.0,0.0,0.0,0.0,1,4
16.1,25,64,0.0,0.0,0.0,0.0,0.0,0.0,1,2
9.74,7,37,0.0,1.0,0.0,0.0,0.0,1.0,2,2
17.6,27,69,0.0,0.0,0.0,0.0,0.0,0.0,1,1
10.22,18,68,0.0,0.0,1.0,0.0,0.0,0.0,2,3
2.19,26,32,0.0,0.0,0.0,0.0,0.0,0.0,1,2
11.41,17,68,0.0,0.0,0.0,1.0,0.0,1.0,2,1
4.14,14,30,0.0,0.0,0.0,0.0,0.0,1.0,2,4
12.65,18,60,0.0,1.0,0.0,0.0,0.0,0.0,1,1
4.15,17,46,0.0,0.0,0.0,0.0,1.0,0.0,2,4
16.8,19,85,0.0,0.0,0.0,0.0,1.0,0.0,3,4
9.06,23,47,0.0,0.0,0.0,0.0,0.0,0.0,2,2
13.04,20,65,0.0,0.0,0.0,0.0,0.0,1.0,2,4
10.7,8,44,0.0,0.0,0.0,0.0,0.0,1.0,2,1
6.15,26,48,1.0,0.0,0.0,0.0,0.0,1.0,1,2
16.47,20,75,0.0,0.0,1.0,0.0,0.0,1.0,3,2
1.39,15,24,0.0,0.0,0.0,0.0,0.0,0.0,2,1
11.14,7,47,0.0,1.0,0.0,0.0,0.0,1.0,2,4
3.81,5,31,0.0,1.0,0.0,0.0,0.0,0.0,3,1
2.39,27,43,0.0,1.0,0.0,0.0,0.0,0.0,2,2
11.74,6,54,0.0,0.0,0.0,0.0,1.0,0.0,3,2
8.26,21,80,0.0,0.0,0.0,0.0,1.0,0.0,1,1
9.54,11,47,0.0,1.0,0.0,0.0,0.0,1.0,2,2
3.88,16,35,0.0,0.0,0.0,0.0,0.0,0.0,2,4
0.95,27,44,0.0,1.0,0.0,0.0,1.0,0.0,2,4
8.59,17,36,0.0,0.0,0.0,0.0,0.0,1.0,1,3
8.59,22,43,0.0,0.0,0.0,0.0,0.0,0.0,1,2
14.21,24,58,0.0,0.0,0.0,0.0,0.0,0.0,2,2
13.03,9,50,1.0,0.0,0.0,0.0,0.0,1.0,1,4
8.03,14,42,0.0,0.0,0.0,0.0,0.0,1.0,1,2
13.2,14,62,0.0,0.0,1.0,0.0,1.0,0.0,1,4
12.67,10,65,0.0,0.0,0.0,0.0,1.0,0.0,2,2
17.54,16,54,0.0,0.0,0.0,0.0,1.0,0.0,2,4
9.32,6,30,0.0,0.0,0.0,0.0,0.0,1.0,1,4
6.03,8,46,0.0,1.0,0.0,0.0,1.0,0.0,3,1
15.71,28,69,0.0,0.0,0.0,0.0,0.0,1.0,1,1
4.87,16,54,0.0,0.0,1.0,0.0,0.0,0.0,3,2
18.15,22,108,0.0,1.0,0.0,0.0,0.0,0.0,3,4
0.78,6,17,0.0,0.0,0.0,0.0,0.0,0.0,2,4
0.6,26,30,0.0,0.0,0.0,0.0,0.0,0.0,1,1
2.09,5,16,0.0,0.0,0.0,0.0,0.0,0.0,2,2
7.49,13,45,0.0,0.0,0.0,0.0,0.0,1.0,2,4
1.41,15,72,1.0,0.0,0.0,0.0,0.0,0.0,2,2
18.92,27,100,0.0,0.0,0.0,0.0,0.0,1.0,3,4
12.41,10,51,0.0,0.0,0.0,0.0,1.0,0.0,2,4
1.06,19,21,0.0,0.0,0.0,0.0,0.0,1.0,1,1
18.34,9,92,0.0,0.0,0.0,0.0,0.0,0.0,3,3
13.52,27,82,0.0,0.0,0.0,0.0,0.0,1.0,1,4
16.79,24,85,1.0,0.0,0.0,0.0,0.0,0.0,3,1
15.39,24,89,0.0,0.0,0.0,0.0,0.0,1.0,2,2
7.39,25,60,0.0,1.0,0.0,0.0,0.0,1.0,2,4
10.98,10,55,0.0,1.0,0.0,0.0,0.0,1.0,1,4
11.08,9,57,0.0,0.0,1.0,0.0,0.0,0.0,2,4
5.41,14,36,0.0,0.0,0.0,0.0,0.0,0.0,2,3
0.94,9,21,0.0,0.0,0.0,0.0,0.0,0.0,3,4
7.27,10,35,0.0,0.0,0.0,1.0,0.0,0.0,1,1
2.99,27,41,0.0,0.0,0.0,1.0,0.0,0.0,2,4
15.28,16,72,0.0,0.0,1.0,0.0,0.0,0.0,1,2
2.48,14,27,0.0,0.0,0.0,1.0,1.0,0.0,2,1
17.13,19,71,0.0,1.0,0.0,0.0,1.0,0.0,1,2
7.17,15,32,0.0,0.0,0.0,0.0,0.0,0.0,1,1
5.47,21,38,0.0,1.0,0.0,0.0,1.0,0.0,1,4
19.53,11,87,1.0,0.0,0.0,0.0,0.0,0.0,1,1
7.5,29,66,0.0,0.0,0.0,0.0,0.0,0.0,3,4
5.61,25,48,0.0,0.0,0.0,1.0,0.0,0.0,1,3
4.1,21,37,0.0,0.0,0.0,0.0,0.0,0.0,1,4
6.22,15,49,0.0,1.0,0.0,0.0,0.0,0.0,2,4
14.77,11,67,0.0,0.0,0.0,0.0,0.0,1.0,3,4
12.55,13,51,0.0,0.0,0.0,1.0,0.0,0.0,1,2
10.31,19,62,1.0,0.0,0.0,0.0,0.0,1.0,2,4
8.72,18,64,0.0,0.0,1.0,0.0,1.0,0.0,2,2
17.07,20,73,0.0,0.0,0.0,0.0,0.0,0.0,2,4
8.27,13,58,0.0,0.0,0.0,0.0,0.0,1.0,3,1
7.54,20,55,0.0,0.0,1.0,0.0,0.0,0.0,1,1
14.07,5,67,0.0,0.0,0.0,0.0,0.0,0.0,3,1
19.02,29,87,0.0,0.0,0.0,0.0,0.0,0.0,2,1
19.0,28,96,0.0,0.0,0.0,0.0,1.0,0.0,3,4
3.83,12,30,0.0,1.0,0.0,0.0,0.0,0.0,2,1
10.3,19,48,0.0,0.0,0.0,0.0,0.0,1.0,1,2
8.09,15,51,0.0,0.0,0.0,0.0,0.0,1.0,3,1
18.06,9,52,0.0,0.0,0.0,0.0,0.0,0.0,2,3
2.76,8,22,0.0,0.0,0.0,1.0,0.0,1.0,2,4
12.17,20,68,0.0,0.0,1.0,0.0,0.0,0.0,1,2
12.33,22,75,0.0,0.0,0.0,0.0,0.0,0.0,2,2
1.38,5,13,0.0,0.0,0.0,0.0,0.0,1.0,2,2
18.49,14,71,0.0,0.0,0.0,0.0,0.0,1.0,1,1
10.57,28,59,0.0,0.0,1.0,0.0,0.0,0.0,1,1
2.0,10,30,0.0,0.0,0.0,0.0,0.0,1.0,3,2
3.29,17,32,0.0,0.0,0.0,0.0,0.0,1.0,2,1
1.94,16,35,0.0,1.0,0.0,0.0,0.0,0.0,2,4
6.56,14,47,0.0,0.0,0.0,1.0,0.0,0.0,2,1
9.58,26,60,0.0,0.0,0.0,0.0,1.0,0.0,3,1
6.95,25,58,0.0,0.0,0.0,0.0,0.0,1.0,2,4
14.05,19,72,0.0,0.0,0.0,0.0,0.0,1.0,3,4
18.97,20,108,0.0,1.0,0.0,0.0,0.0,0.0,3,3
13.53,28,78,0.0,1.0,0.0,0.0,0.0,0.0,1,2
15.14,8,66,0.0,1.0,0.0,0.0,0.0,0.0,2,4
5.96,26,48,0.0,0.0,0.0,0.0,0.0,0.0,1,1
3.43,7,23,0.0,0.0,0.0,1.0,0.0,0.0,2,4
6.24,15,52,0.0,0.0,0.0,0.0,0.0,0.0,2,2
17.94,22,85,0.0,1.0,0.0,0.0,0.0,1.0,3,2
3.54,10,32,0.0,1.0,0.0,0.0,0.0,0.0,2,2
16.38,7,90,0.0,1.0,0.0,0.0,0.0,0.0,2,3
7.81,11,42,0.0,0.0,0.0,0.0,0.0,0.0,1,2
8.84,26,57,0.0,0.0,0.0,0.0,0.0,0.0,2,4
14.09,12,55,0.0,0.0,0.0,0.0,0.0,1.0,2,1
11.92,14,46,0.0,0.0,0.0,0.0,0.0,1.0,1,1
17.3,9,67,0.0,0.0,0.0,0.0,0.0,1.0,1,2
14.08,28,66,0.0,0.0,0.0,0.0,0.0,0.0,3,4
2.8,28,50,0.0,0.0,0.0,0.0,0.0,0.0,3,1
17.96,22,76,0.0,0.0,0.0,0.0,0.0,0.0,2,1
14.09,12,67,0.0,0.0,0.0,0.0,0.0,0.0,3,1
9.39,14,37,0.0,0.0,0.0,0.0,0.0,0.0,1,4
17.9,23,85,0.0,0.0,0.0,0.0,0.0,0.0,1,4
4.55,5,21,0.0,1.0,0.0,0.0,0.0,0.0,1,1
6.24,20,51,0.0,0.0,1.0,0.0,0.0,0.0,1,1
16.92,29,70,0.0,0.0,0.0,0.0,0.0,1.0,1,4
14.31,9,47,0.0,0.0,0.0,0.0,0.0,0.0,2,4
14.66,20,77,0.0,0.0,0.0,1.0,0.0,0.0,2,1
2.23,7,14,0.0,0.0,0.0,0.0,0.0,0.0,1,4
12.65,15,66,0.0,0.0,0.0,0.0,0.0,0.0,1,2
7.24,28,65,0.0,1.0,0.0,0.0,0.0,0.0,2,2
3.01,14,26,0.0,0.0,0.0,0.0,0.0,0.0,2,2
11.52,25,58,0.0,0.0,0.0,0.0,0.0,1.0,2,4
3.95,13,25,0.0,0.0,0.0,0.0,0.0,0.0,1,1
1.09,6,17,0.0,0.0,0.0,0.0,0.0,1.0,2,4
13.99,7,96,0.0,0.0,0.0,0.0,0.0,1.0,3,2
19.32,21,112,0.0,1.0,0.0,0.0,1.0,0.0,3,4
11.72,11,42,0.0,1.0,0.0,0.0,0.0,0.0,1,2
2.13,9,22,0.0,1.0,0.0,0.0,0.0,1.0,1,4
8.17,20,44,0.0,0.0,0.0,0.0,0.0,1.0,2,1
12.21,9,57,0.0,0.0,0.0,0.0,0.0,0.0,3,4
3.17,17,33,0.0,0.0,0.0,0.0,0.0,1.0,2,2
18.68,11,62,0.0,0.0,1.0,0.0,0.0,0.0,1,1
10.95,24,55,0.0,0.0,0.0,0.0,0.0,1.0,2,2
19.26,21,67,0.0,0.0,0.0,1.0,0.0,1.0,2,4
9.44,28,63,0.0,1.0,0.0,0.0,0.0,1.0,2,2
4.86,25,52,1.0,0.0,0.0,0.0,1.0,0.0,2,2
5.81,25,51,1.0,0.0,0.0,0.0,0.0,0.0,1,1
7.34,22,47,0.0,1.0,0.0,0.0,0.0,0.0,1,2
17.39,25,100,1.0,0.0,0.0,0.0,0.0,0.0,2,4
5.22,11,40,0.0,0.0,1.0,0.0,0.0,0.0,1,2
12.32,17,71,0.0,0.0,0.0,0.0,0.0,1.0,2,2
2.15,17,30,0.0,0.0,0.0,1.0,1.0,0.0,2,1
9.36,17,65,0.0,1.0,0.0,0.0,0.0,1.0,3,4
2.28,27,39,0.0,0.0,0.0,0.0,0.0,1.0,2,2
14.54,29,73,0.0,0.0,0.0,0.0,0.0,0.0,2,2
12.15,12,63,0.0,0.0,0.0,0.0,1.0,0.0,3,4
1.4,9,17,0.0,0.0,0.0,1.0,0.0,0.0,1,2
3.37,9,28,0.0,0.0,0.0,0.0,0.0,0.0,3,4
3.85,26,46,0.0,1.0,0.0,0.0,0.0,0.0,2,1
9.03,11,43,0.0,0.0,0.0,0.0,0.0,0.0,1,1
17.99,15,63,0.0,0.0,1.0,0.0,0.0,0.0,1,1
16.35,16,66,0.0,0.0,0.0,0.0,0.0,0.0,2,4
19.61,8,72,0.0,0.0,0.0,0.0,0.0,0.0,3,2
16.29,20,72,0.0,0.0,0.0,0.0,0.0,0.0,1,4
7.84,6,28,0.0,0.0,0.0,1.0,0.0,0.0,1,1
18.17,13,71,0.0,1.0,0.0,0.0,1.0,0.0,1,1
17.89,27,101,0.0,0.0,0.0,1.0,0.0,0.0,1,1
13.34,20,53,0.0,0.0,0.0,0.0,0.0,0.0,2,3
4.43,10,63,1.0,0.0,0.0,0.0,0.0,1.0,1,4
13.21,12,63,0.0,0.0,0.0,0.0,0.0,1.0,2,4
2.76,6,27,0.0,0.0,0.0,1.0,0.0,0.0,2,3
1.5,15,32,1.0,0.0,0.0,0.0,0.0,1.0,2,2
11.04,8,54,0.0,0.0,0.0,0.0,0.0,1.0,2,1
1.22,6,14,0.0,0.0,0.0,0.0,0.0,1.0,2,2
14.58,13,57,0.0,0.0,0.0,0.0,0.0,0.0,1,1
18.26,28,93,0.0,1.0,0.0,0.0,0.0,1.0,3,3
3.88,27,42,1.0,0.0,0.0,0.0,1.0,0.0,1,2
18.07,5,67,0.0,0.0,0.0,0.0,0.0,1.0,3,1
12.11,28,75,0.0,0.0,0.0,0.0,0.0,0.0,2,2
7.08,5,27,0.0,0.0,0.0,0.0,0.0,1.0,2,1
3.12,14,28,0.0,1.0,0.0,0.0,0.0,1.0,1,2
2.03,14,36,1.0,0.0,0.0,0.0,1.0,0.0,3,2
1.8,14,28,0.0,0.0,0.0,0.0,0.0,0.0,2,3
5.42,11,26,0.0,0.0,0.0,0.0,0.0,1.0,1,2
7.8,23,52,0.0,0.0,0.0,0.0,0.0,1.0,1,2
8.47,19,48,0.0,1.0,0.0,0.0,0.0,1.0,1,1
6.79,16,39,0.0,1.0,0.0,0.0,0.0,1.0,1,2
13.6,23,83,0.0,1.0,0.0,0.0,0.0,1.0,2,1
13.06,17,59,0.0,1.0,0.0,0.0,0.0,0.0,3,4
19.93,6,59,0.0,0.0,1.0,0.0,0.0,0.0,1,1
11.3,15,70,0.0,0.0,1.0,0.0,0.0,0.0,2,1
6.74,21,47,0.0,1.0,0.0,0.0,1.0,0.0,2,2
10.49,28,66,0.0,1.0,0.0,0.0,0.0,0.0,1,4
8.83,12,109,0.0,0.0,0.0,0.0,0.0,1.0,2,2
7.15,29,60,0.0,0.0,0.0,0.0,1.0,0.0,3,3
15.94,24,77,0.0,0.0,0.0,0.0,0.0,0.0,1,2
11.26,14,70,1.0,0.0,0.0,0.0,0.0,0.0,3,1
11.87,10,43,0.0,0.0,0.0,0.0,0.0,0.0,2,4
2.83,14,28,0.0,0.0,0.0,1.0,0.0,1.0,2,1
11.74,20,52,0.0,0.0,0.0,0.0,1.0,0.0,1,1
2.71,6,20,0.0,0.0,0.0,0.0,0.0,1.0,1,4
10.47,14,55,0.0,0.0,0.0,0.0,0.0,1.0,3,2
4.5,24,66,0.0,0.0,1.0,0.0,0.0,0.0,3,2
19.74,21,71,0.0,0.0,0.0,0.0,1.0,0.0,1,1
1.23,18,21,0.0,0.0,0.0,0.0,0.0,0.0,1,2
4.83,11,29,0.0,0.0,0.0,0.0,0.0,0.0,1,2
1.51,14,32,0.0,0.0,0.0,0.0,0.0,0.0,3,1
1.62,9,16,0.0,0.0,0.0,1.0,0.0,0.0,1,2
11.31,20,67,0.0,0.0,0.0,0.0,0.0,0.0,3,2
6.05,24,48,0.0,0.0,0.0,0.0,1.0,0.0,2,4
10.14,20,59,0.0,0.0,0.0,0.0,0.0,1.0,2,4
9.45,13,49,0.0,0.0,0.0,0.0,1.0,0.0,1,1
6.8,28,55,0.0,0.0,0.0,0.0,0.0,0.0,3,2
15.65,27,76,0.0,0.0,0.0,0.0,0.0,0.0,1,1
2.26,6,19,0.0,0.0,0.0,0.0,0.0,1.0,2,4
12.05,29,61,0.0,0.0,0.0,0.0,0.0,1.0,1,2
8.25,24,62,0.0,0.0,0.0,1.0,1.0,0.0,2,2
12.85,23,80,0.0,1.0,0.0,0.0,0.0,1.0,2,1
15.14,15,71,0.0,0.0,0.0,1.0,0.0,0.0,2,4
4.59,19,36,1.0,0.0,0.0,0.0,0.0,1.0,1,2
12.02,26,63,0.0,0.0,0.0,0.0,0.0,0.0,1,1
19.8,7,88,0.0,0.0,0.0,0.0,0.0,0.0,3,2
19.27,14,92,1.0,0.0,0.0,0.0,0.0,0.0,3,1
4.92,12,41,0.0,0.0,0.0,0.0,0.0,1.0,3,4
1.63,24,38,0.0,1.0,0.0,0.0,0.0,0.0,2,3
18.04,8,71,0.0,0.0,0.0,0.0,0.0,0.0,2,4
19.4,23,92,0.0,0.0,1.0,0.0,0.0,1.0,2,1
16.4,12,70,0.0,0.0,0.0,0.0,0.0,1.0,3,4
12.01,5,42,0.0,0.0,0.0,0.0,1.0,0.0,1,4
18.46,29,153,0.0,0.0,0.0,0.0,0.0,1.0,2,1
13.09,17,69,0.0,0.0,0.0,1.0,0.0,1.0,1,1
1.22,14,38,1.0,0.0,0.0,0.0,0.0,1.0,3,1
10.36,7,39,0.0,1.0,0.0,0.0,0.0,0.0,2,1
4.31,9,35,0.0,1.0,0.0,0.0,0.0,0.0,2,1
13.32,26,71,0.0,0.0,0.0,1.0,0.0,0.0,2,1
16.1,16,61,0.0,0.0,0.0,0.0,1.0,0.0,1,4
14.11,24,93,0.0,1.0,0.0,0.0,0.0,1.0,3,4
2.84,28,44,0.0,0.0,0.0,0.0,0.0,1.0,2,3
16.09,13,69,0.0,0.0,1.0,0.0,1.0,0.0,1,4
16.05,11,89,0.0,0.0,1.0,0.0,0.0,0.0,2,2
13.37,17,63,0.0,0.0,0.0,1.0,0.0,1.0,3,1
10.16,10,67,0.0,0.0,1.0,0.0,0.0,0.0,2,3
6.13,22,48,0.0,0.0,0.0,0.0,0.0,1.0,2,3
4.96,10,28,0.0,1.0,0.0,0.0,1.0,0.0,1,1
3.0,29,43,0.0,0.0,0.0,0.0,0.0,1.0,1,4
2.23,14,41,0.0,0.0,1.0,0.0,1.0,0.0,2,2
17.96,26,74,0.0,0.0,0.0,0.0,0.0,1.0,2,2
7.8,11,49,0.0,1.0,0.0,0.0,0.0,0.0,2,4
10.9,6,47,0.0,0.0,0.0,0.0,0.0,1.0,3,1
3.17,17,28,0.0,0.0,0.0,0.0,0.0,0.0,1,1
9.39,21,50,0.0,0.0,0.0,1.0,0.0,1.0,2,4
17.44,25,89,0.0,0.0,0.0,0.0,0.0,0.0,1,2
3.02,23,46,0.0,1.0,0.0,0.0,0.0,0.0,2,4
19.99,17,112,0.0,1.0,0.0,0.0,0.0,0.0,3,2
16.22,22,102,0.0,1.0,0.0,0.0,0.0,0.0,3,2
2.74,18,37,0.0,0.0,0.0,0.0,0.0,0.0,3,1
5.74,13,46,0.0,1.0,0.0,0.0,0.0,0.0,3,2
9.75,22,50,0.0,0.0,0.0,0.0,0.0,0.0,1,1
15.62,23,78,0.0,1.0,0.0,0.0,0.0,1.0,2,1
16.54,25,77,0.0,1.0,0.0,0.0,0.0,0.0,2,1
7.84,7,36,0.0,1.0,0.0,0.0,0.0,1.0,1,4
17.44,23,85,0.0,0.0,0.0,0.0,1.0,0.0,1,3
11.08,16,70,0.0,0.0,0.0,1.0,0.0,0.0,3,1
17.61,21,79,0.0,0.0,0.0,0.0,0.0,1.0,2,2
8.28,29,58,0.0,0.0,1.0,0.0,1.0,0.0,1,2
15.32,17,80,0.0,0.0,0.0,0.0,0.0,0.0,2,4
3.83,27,49,0.0,1.0,0.0,0.0,1.0,0.0,1,2
3.25,29,51,0.0,1.0,0.0,0.0,0.0,1.0,2,2
19.75,25,103,0.0,0.0,0.0,0.0,0.0,0.0,2,4
15.19,6,53,1.0,0.0,0.0,0.0,0.0,1.0,1,2
8.92,25,62,0.0,0.0,0.0,1.0,0.0,0.0,2,4
18.63,11,85,0.0,0.0,0.0,1.0,0.0,0.0,1,1
12.74,18,67,0.0,0.0,0.0,0.0,0.0,1.0,1,3
18.13,21,88,0.0,1.0,0.0,0.0,0.0,0.0,3,2
2.47,22,34,0.0,1.0,0.0,0.0,1.0,0.0,1,1
18.15,11,89,0.0,0.0,0.0,1.0,0.0,0.0,2,4
1.74,8,28,1.0,0.0,0.0,0.0,0.0,1.0,3,1
5.79,26,49,0.0,0.0,0.0,1.0,0.0,0.0,2,4
5.75,7,37,0.0,0.0,0.0,1.0,0.0,1.0,3,4
17.41,20,80,0.0,0.0,1.0,0.0,0.0,0.0,2,2
1.2,24,33,0.0,1.0,0.0,0.0,0.0,1.0,1,4
8.07,21,48,0.0,0.0,0.0,1.0,0.0,0.0,1,2
1.88,24,35,0.0,0.0,0.0,0.0,0.0,1.0,2,4
0.72,9,23,0.0,1.0,0.0,0.0,0.0,1.0,2,1
14.19,9,57,0.0,0.0,0.0,0.0,0.0,0.0,2,1
16.73,9,71,0.0,0.0,0.0,1.0,0.0,1.0,3,1
18.53,8,57,0.0,1.0,0.0,0.0,0.0,1.0,1,1
4.32,21,34,0.0,0.0,0.0,0.0,0.0,0.0,1,4
13.6,9,61,1.0,0.0,0.0,0.0,0.0,0.0,3,2
18.46,19,94,0.0,1.0,0.0,0.0,0.0,0.0,1,4
7.67,9,31,0.0,0.0,0.0,1.0,1.0,0.0,1,4
8.23,17,56,0.0,0.0,1.0,0.0,0.0,0.0,1,2
13.44,29,63,0.0,0.0,0.0,0.0,0.0,0.0,1,3
15.04,24,60,0.0,0.0,0.0,0.0,1.0,0.0,1,4
7.48,21,52,0.0,0.0,0.0,0.0,1.0,0.0,2,4
10.11,23,63,0.0,1.0,0.0,0.0,0.0,1.0,2,1
10.88,13,52,0.0,0.0,1.0,0.0,1.0,0.0,1,1
13.97,14,52,0.0,0.0,1.0,0.0,0.0,1.0,1,2
3.48,9,31,1.0,0.0,0.0,0.0,0.0,1.0,1,1
10.73,6,35,1.0,0.0,0.0,0.0,0.0,0.0,1,4
5.18,9,30,0.0,0.0,0.0,0.0,1.0,0.0,2,1
8.47,24,68,1.0,0.0,0.0,0.0,0.0,0.0,2,2
15.64,20,141,0.0,1.0,0.0,0.0,0.0,0.0,1,1
10.95,9,65,0.0,0.0,1.0,0.0,0.0,0.0,2,1
19.29,7,84,0.0,0.0,0.0,1.0,0.0,1.0,2,2
2.59,13,28,0.0,0.0,0.0,1.0,0.0,0.0,2,1
3.98,19,41,0.0,0.0,0.0,0.0,1.0,0.0,3,3
6.06,10,41,1.0,0.0,0.0,0.0,0.0,1.0,1,1
6.72,8,31,1.0,0.0,0.0,0.0,0.0,0.0,1,2
19.04,27,85,0.0,0.0,0.0,0.0,0.0,1.0,2,4
14.28,23,77,0.0,0.0,0.0,1.0,0.0,1.0,3,1
16.26,16,70,0.0,1.0,0.0,0.0,0.0,0.0,3,4
4.25,5,22,0.0,0.0,0.0,0.0,0.0,0.0,1,1
12.26,20,66,0.0,0.0,0.0,0.0,0.0,0.0,1,1
19.81,27,74,0.0,0.0,0.0,0.0,0.0,0.0,1,1
18.2,27,108,0.0,0.0,0.0,1.0,0.0,0.0,2,4
12.85,14,73,0.0,1.0,0.0,0.0,0.0,1.0,2,4
6.91,27,91,0.0,0.0,0.0,0.0,0.0,0.0,1,2
9.64,10,46,0.0,0.0,0.0,0.0,0.0,0.0,1,4
9.64,14,52,0.0,1.0,0.0,0.0,0.0,0.0,2,2
2.28,27,44,1.0,0.0,0.0,0.0,0.0,1.0,2,4
15.34,18,54,0.0,1.0,0.0,0.0,0.0,0.0,1,1
3.22,14,34,0.0,1.0,0.0,0.0,0.0,0.0,2,3
9.71,8,49,0.0,0.0,0.0,0.0,0.0,0.0,1,4
17.18,13,62,0.0,0.0,0.0,0.0,0.0,1.0,2,3
5.3,29,47,0.0,0.0,0.0,0.0,0.0,1.0,2,1
10.0,6,47,0.0,0.0,0.0,0.0,0.0,1.0,2,1
10.75,8,60,0.0,1.0,0.0,0.0,0.0,0.0,2,4
9.49,23,53,0.0,1.0,0.0,0.0,1.0,0.0,2,4
7.24,28,57,0.0,0.0,0.0,0.0,0.0,0.0,2,1
16.09,21,66,0.0,1.0,0.0,0.0,0.0,0.0,1,4
15.53,26,83,0.0,0.0,0.0,0.0,0.0,0.0,1,4
19.41,11,62,0.0,0.0,0.0,1.0,0.0,0.0,1,4
17.24,17,69,0.0,0.0,0.0,0.0,0.0,0.0,1,2
11.33,25,60,0.0,0.0,0.0,0.0,0.0,0.0,1,4
18.23,27,86,0.0,1.0,0.0,0.0,0.0,1.0,1,1
1.17,16,25,0.0,0.0,0.0,0.0,0.0,0.0,2,4
5.33,29,51,0.0,0.0,0.0,0.0,1.0,0.0,1,2
4.14,23,41,0.0,1.0,0.0,0.0,0.0,0.0,1,4
2.02,28,44,0.0,0.0,0.0,0.0,0.0,0.0,3,2
14.46,11,68,0.0,1.0,0.0,0.0,0.0,1.0,2,4
3.86,21,34,0.0,0.0,0.0,0.0,0.0,0.0,2,1
12.59,13,62,0.0,0.0,0.0,1.0,0.0,0.0,2,4
1.11,22,35,0.0,0.0,0.0,0.0,0.0,1.0,3,4
9.11,19,42,0.0,0.0,0.0,0.0,0.0,0.0,1,1
18.77,24,115,0.0,0.0,1.0,0.0,0.0,0.0,2,2
16.35,16,67,1.0,0.0,0.0,0.0,0.0,0.0,2,3
6.22,16,29,0.0,0.0,0.0,0.0,0.0,0.0,1,1
7.78,25,74,1.0,0.0,0.0,0.0,0.0,0.0,3,1
0.88,27,37,0.0,1.0,0.0,0.0,1.0,0.0,1,3
16.43,13,56,0.0,0.0,0.0,0.0,0.0,0.0,1,2
8.04,27,65,0.0,0.0,0.0,0.0,1.0,0.0,2,2
18.65,19,68,1.0,0.0,0.0,0.0,1.0,0.0,1,3
5.73,7,30,1.0,0.0,0.0,0.0,0.0,1.0,1,4
12.42,28,79,0.0,1.0,0.0,0.0,0.0,0.0,1,2
2.11,28,34,0.0,0.0,0.0,0.0,0.0,1.0,1,1
18.62,27,75,0.0,0.0,0.0,0.0,0.0,1.0,1,2
17.61,19,80,0.0,0.0,0.0,0.0,0.0,1.0,2,4
10.62,7,48,0.0,1.0,0.0,0.0,0.0,0.0,2,3
18.83,8,68,0.0,0.0,0.0,0.0,0.0,0.0,2,3
14.07,16,73,0.0,0.0,0.0,0.0,0.0,0.0,2,4
9.29,10,40,0.0,0.0,0.0,0.0,0.0,0.0,2,2
1.29,7,15,0.0,1.0,0.0,0.0,0.0,0.0,1,2
4.08,7,33,0.0,0.0,0.0,1.0,0.0,0.0,2,1
19.12,8,92,0.0,0.0,0.0,1.0,1.0,0.0,3,2
17.93,29,85,0.0,0.0,0.0,0.0,0.0,0.0,2,1
2.33,6,17,0.0,0.0,0.0,0.0,1.0,0.0,1,4
3.18,21,42,0.0,1.0,0.0,0.0,0.0,0.0,2,2
1.97,28,43,0.0,0.0,0.0,0.0,1.0,0.0,3,4
6.2,7,42,0.0,0.0,0.0,1.0,0.0,1.0,3,2
1.02,6,21,0.0,0.0,0.0,1.0,0.0,0.0,3,2
5.3,16,32,0.0,0.0,0.0,0.0,0.0,0.0,1,2
9.34,10,40,0.0,1.0,0.0,0.0,1.0,0.0,1,2
10.09,7,49,0.0,0.0,0.0,0.0,0.0,0.0,2,2
15.35,23,80,0.0,1.0,0.0,0.0,0.0,1.0,3,3
17.12,26,86,0.0,1.0,0.0,0.0,0.0,0.0,1,4
3.94,19,43,0.0,0.0,1.0,0.0,0.0,0.0,1,1
18.02,12,77,0.0,0.0,0.0,0.0,1.0,0.0,2,2
14.41,8,75,0.0,0.0,1.0,0.0,0.0,0.0,2,2
11.44,20,57,0.0,1.0,0.0,0.0,1.0,0.0,2,2
15.23,6,52,1.0,0.0,0.0,0.0,1.0,0.0,1,4
1.95,16,23,0.0,0.0,0.0,0.0,0.0,1.0,1,4
7.72,11,36,0.0,1.0,0.0,0.0,0.0,0.0,2,4
11.78,26,71,0.0,0.0,0.0,0.0,0.0,1.0,1,1
3.4,11,30,0.0,0.0,0.0,1.0,0.0,0.0,2,4
2.14,18,34,0.0,0.0,0.0,0.0,0.0,0.0,3,2
10.04,12,59,0.0,1.0,0.0,0.0,0.0,0.0,3,1
14.72,15,80,0.0,0.0,0.0,0.0,0.0,1.0,2,2
3.7,28,45,0.0,0.0,0.0,0.0,0.0,0.0,2,4
19.73,8,64,0.0,1.0,0.0,0.0,0.0,0.0,1,2
10.83,8,51,0.0,0.0,0.0,0.0,0.0,1.0,2,2
16.3,12,100,1.0,0.0,0.0,0.0,1.0,0.0,1,4
5.98,14,44,1.0,0.0,0.0,0.0,0.0,0.0,3,4
5.98,21,60,0.0,1.0,0.0,0.0,0.0,0.0,3,4
4.14,21,46,1.0,0.0,0.0,0.0,0.0,0.0,2,4
16.68,9,63,0.0,0.0,0.0,0.0,0.0,0.0,2,1
18.69,23,74,0.0,0.0,0.0,1.0,0.0,0.0,2,3
18.44,27,80,0.0,1.0,0.0,0.0,0.0,0.0,3,4
13.0,22,65,0.0,0.0,0.0,1.0,0.0,0.0,3,4
16.45,25,87,0.0,0.0,0.0,0.0,0.0,1.0,2,2
16.17,10,116,0.0,0.0,0.0,0.0,1.0,0.0,2,2
17.88,29,98,0.0,0.0,0.0,0.0,0.0,0.0,2,2
5.23,19,37,0.0,0.0,0.0,0.0,0.0,1.0,2,4
4.32,17,36,0.0,0.0,0.0,0.0,0.0,0.0,2,4
9.09,6,43,0.0,1.0,0.0,0.0,0.0,0.0,2,4
12.67,7,43,0.0,0.0,0.0,1.0,0.0,1.0,2,4
1.85,10,24,0.0,0.0,0.0,0.0,0.0,0.0,2,2
7.51,27,50,0.0,1.0,0.0,0.0,1.0,0.0,1,2
6.58,13,34,0.0,0.0,0.0,0.0,0.0,0.0,1,1
12.7,22,57,0.0,0.0,0.0,0.0,0.0,1.0,1,4
7.31,26,65,1.0,0.0,0.0,0.0,0.0,0.0,2,1
9.2,9,48,0.0,0.0,0.0,0.0,0.0,1.0,3,4
10.22,21,61,1.0,0.0,0.0,0.0,0.0,1.0,1,1
8.15,12,43,0.0,0.0,0.0,0.0,0.0,1.0,3,2
10.61,17,59,0.0,0.0,0.0,0.0,0.0,0.0,2,4
7.73,29,58,0.0,0.0,0.0,0.0,0.0,0.0,3,3
19.66,19,70,0.0,0.0,0.0,0.0,1.0,0.0,1,4
14.66,5,71,0.0,0.0,1.0,0.0,1.0,0.0,3,4
9.73,29,60,0.0,0.0,0.0,0.0,0.0,0.0,1,1
14.52,26,86,0.0,0.0,0.0,0.0,1.0,0.0,2,1
5.93,27,106,1.0,0.0,0.0,0.0,0.0,1.0,3,1
4.94,28,63,0.0,1.0,0.0,0.0,0.0,1.0,3,2
11.88,29,78,0.0,1.0,0.0,0.0,1.0,0.0,3,1
19.41,7,66,1.0,0.0,0.0,0.0,1.0,0.0,2,4
3.68,16,47,0.0,0.0,0.0,0.0,1.0,0.0,3,1
11.06,6,53,0.0,0.0,0.0,0.0,0.0,0.0,3,2
10.2,18,56,0.0,1.0,0.0,0.0,0.0,0.0,2,1
0.74,13,21,0.0,1.0,0.0,0.0,1.0,0.0,1,4
15.21,20,90,0.0,0.0,1.0,0.0,0.0,0.0,2,1
7.69,16,58,0.0,1.0,0.0,0.0,0.0,1.0,3,4
11.21,23,76,0.0,0.0,0.0,0.0,0.0,1.0,3,1
6.18,9,35,0.0,0.0,0.0,0.0,0.0,0.0,2,2
2.71,6,19,0.0,0.0,0.0,0.0,1.0,0.0,2,4
3.49,17,38,0.0,0.0,0.0,0.0,0.0,0.0,2,4
9.29,17,49,0.0,0.0,0.0,0.0,0.0,0.0,2,4
0.71,29,41,1.0,0.0,0.0,0.0,0.0,0.0,1,3
5.32,27,48,0.0,1.0,0.0,0.0,0.0,1.0,1,1
4.1,18,38,0.0,0.0,0.0,0.0,1.0,0.0,2,2
13.84,18,64,0.0,0.0,0.0,0.0,0.0,1.0,1,4
3.9,25,54,0.0,1.0,0.0,0.0,1.0,0.0,3,4
18.6,28,77,0.0,1.0,0.0,0.0,1.0,0.0,2,4
14.88,10,64,0.0,0.0,1.0,0.0,0.0,0.0,2,2
3.63,22,39,0.0,0.0,0.0,1.0,1.0,0.0,2,4
3.22,7,27,0.0,0.0,0.0,1.0,1.0,0.0,3,4
11.51,5,57,1.0,0.0,0.0,0.0,1.0,0.0,1,1
19.72,27,109,0.0,1.0,0.0,0.0,0.0,0.0,1,1
11.08,28,58,0.0,0.0,0.0,0.0,0.0,1.0,1,2
3.95,28,47,0.0,0.0,0.0,0.0,1.0,0.0,2,4
7.29,11,48,0.0,0.0,0.0,0.0,1.0,0.0,3,2
10.3,12,41,0.0,0.0,0.0,0.0,1.0,0.0,1,4
10.73,27,83,0.0,1.0,0.0,0.0,1.0,0.0,3,1
17.28,28,72,0.0,0.0,0.0,0.0,1.0,0.0,1,4
13.37,16,71,1.0,0.0,0.0,0.0,0.0,1.0,2,2
11.36,8,52,0.0,0.0,0.0,0.0,0.0,1.0,2,4
7.58,19,57,0.0,0.0,0.0,0.0,0.0,1.0,3,1
6.13,25,59,0.0,1.0,0.0,0.0,0.0,0.0,3,1
2.32,23,32,0.0,0.0,0.0,0.0,0.0,1.0,1,1
17.49,27,97,0.0,1.0,0.0,0.0,0.0,0.0,1,2
1.69,11,20,0.0,0.0,0.0,1.0,1.0,0.0,2,1
4.52,17,71,0.0,0.0,0.0,0.0,1.0,0.0,1,2
7.15,15,42,0.0,0.0,0.0,1.0,0.0,0.0,1,4
10.86,10,60,0.0,0.0,0.0,1.0,1.0,0.0,2,1
15.88,17,68,0.0,1.0,0.0,0.0,1.0,0.0,1,2
9.7,6,45,0.0,0.0,1.0,0.0,0.0,0.0,1,2
14.95,13,49,0.0,0.0,0.0,0.0,0.0,0.0,2,4
11.36,6,47,1.0,0.0,0.0,0.0,0.0,0.0,1,1
12.14,12,65,1.0,0.0,0.0,0.0,0.0,0.0,3,1
16.31,14,71,1.0,0.0,0.0,0.0,1.0,0.0,2,1
14.7,24,75,0.0,0.0,0.0,0.0,0.0,1.0,2,2
13.42,6,105,0.0,1.0,0.0,0.0,0.0,0.0,2,2
7.9,22,48,0.0,0.0,0.0,0.0,0.0,1.0,1,1
15.35,5,56,1.0,0.0,0.0,0.0,1.0,0.0,1,4
15.12,14,58,1.0,0.0,0.0,0.0,0.0,0.0,1,4
0.82,18,23,0.0,0.0,0.0,1.0,1.0,0.0,1,4
6.43,9,26,0.0,0.0,0.0,0.0,1.0,0.0,1,2
8.66,29,77,0.0,0.0,1.0,0.0,0.0,0.0,3,4
11.16,21,77,1.0,0.0,0.0,0.0,1.0,0.0,2,1
18.77,15,71,1.0,0.0,0.0,0.0,1.0,0.0,1,1
5.84,21,35,0.0,0.0,0.0,0.0,0.0,0.0,2,2
1.01,17,29,0.0,0.0,0.0,0.0,0.0,0.0,3,3
3.92,20,41,0.0,1.0,0.0,0.0,0.0,0.0,2,3
12.77,22,71,1.0,0.0,0.0,0.0,0.0,0.0,1,4
2.33,9,18,0.0,0.0,0.0,0.0,0.0,0.0,1,2
2.92,24,48,0.0,0.0,0.0,1.0,0.0,0.0,3,1
13.35,14,91,0.0,1.0,0.0,0.0,0.0,1.0,1,2
5.26,28,51,0.0,1.0,0.0,0.0,0.0,1.0,2,2
4.39,12,38,1.0,0.0,0.0,0.0,0.0,0.0,2,3
8.67,20,55,0.0,0.0,0.0,1.0,0.0,0.0,3,4
16.53,24,99,0.0,0.0,1.0,0.0,0.0,1.0,1,1
13.47,19,59,0.0,0.0,0.0,0.0,0.0,0.0,2,2
18.86,18,89,0.0,0.0,1.0,0.0,0.0,0.0,2,3
12.81,12,51,0.0,0.0,0.0,0.0,0.0,0.0,1,4
2.4,27,42,0.0,0.0,1.0,0.0,0.0,1.0,1,3
7.44,6,39,0.0,1.0,0.0,0.0,0.0,0.0,2,2
1.89,13,22,0.0,0.0,0.0,0.0,0.0,1.0,2,2
19.28,21,101,0.0,0.0,1.0,0.0,1.0,0.0,2,4
6.29,10,27,0.0,0.0,0.0,0.0,0.0,1.0,2,4
1.81,23,34,0.0,0.0,0.0,0.0,1.0,0.0,2,1
1.74,23,34,0.0,0.0,0.0,0.0,0.0,0.0,2,3
13.44,22,79,0.0,0.0,0.0,0.0,1.0,0.0,2,4
7.11,27,48,0.0,0.0,0.0,0.0,0.0,1.0,1,1
4.5,20,32,0.0,0.0,0.0,1.0,0.0,1.0,1,2
8.31,6,44,0.0,0.0,0.0,1.0,0.0,0.0,2,4
16.37,26,97,0.0,0.0,0.0,0.0,0.0,0.0,3,4
9.78,18,58,0.0,0.0,0.0,0.0,0.0,0.0,2,1
4.88,26,48,0.0,0.0,0.0,1.0,0.0,1.0,2,1
5.54,28,51,0.0,1.0,0.0,0.0,0.0,1.0,2,1
11.54,10,56,0.0,0.0,0.0,0.0,1.0,0.0,3,1
12.85,5,54,0.0,0.0,0.0,0.0,0.0,1.0,1,1
5.56,19,31,0.0,0.0,0.0,0.0,0.0,1.0,1,1
3.33,24,44,0.0,0.0,0.0,0.0,0.0,1.0,2,2
3.47,24,53,0.0,0.0,1.0,0.0,0.0,0.0,3,3
12.01,26,57,0.0,0.0,0.0,0.0,0.0,1.0,1,4
15.98,21,90,1.0,0.0,0.0,0.0,1.0,0.0,1,4
3.64,16,26,0.0,0.0,0.0,0.0,0.0,1.0,1,4
19.47,16,83,0.0,0.0,0.0,0.0,0.0,0.0,1,4
15.51,10,81,0.0,1.0,0.0,0.0,0.0,1.0,2,4
10.42,28,72,0.0,0.0,0.0,1.0,0.0,0.0,2,1
15.9,19,78,0.0,1.0,0.0,0.0,1.0,0.0,1,2
15.17,25,77,0.0,0.0,0.0,1.0,0.0,0.0,1,4
2.78,21,37,0.0,1.0,0.0,0.0,0.0,0.0,1,1
1.98,22,39,0.0,1.0,0.0,0.0,0.0,0.0,1,1
14.03,17,65,0.0,0.0,0.0,0.0,0.0,0.0,1,1
2.06,22,40,1.0,0.0,0.0,0.0,0.0,1.0,2,2
11.02,22,70,0.0,0.0,0.0,0.0,0.0,1.0,3,4
17.95,16,96,0.0,0.0,1.0,0.0,0.0,1.0,3,4
5.17,29,56,1.0,0.0,0.0,0.0,0.0,0.0,1,4
16.62,26,94,0.0,0.0,1.0,0.0,0.0,0.0,1,1
0.71,25,31,0.0,1.0,0.0,0.0,1.0,0.0,1,4
13.44,9,55,0.0,0.0,0.0,0.0,0.0,1.0,2,2
13.1,28,72,0.0,0.0,0.0,0.0,0.0,0.0,1,2
19.24,9,75,0.0,1.0,0.0,0.0,0.0,0.0,3,1
5.35,24,43,0.0,0.0,0.0,0.0,0.0,1.0,2,1
12.22,15,56,0.0,0.0,0.0,0.0,0.0,1.0,1,2
18.55,11,69,0.0,0.0,0.0,0.0,1.0,0.0,1,1
6.44,18,43,0.0,0.0,0.0,0.0,1.0,0.0,1,1
8.77,14,49,1.0,0.0,0.0,0.0,1.0,0.0,2,2
10.97,27,51,0.0,0.0,0.0,0.0,0.0,1.0,1,1
6.68,10,44,0.0,0.0,0.0,0.0,0.0,1.0,3,4
12.93,25,61,0.0,1.0,0.0,0.0,0.0,1.0,1,1
7.99,18,42,0.0,0.0,0.0,0.0,0.0,0.0,2,2
15.78,12,68,0.0,0.0,0.0,0.0,0.0,1.0,3,1
9.95,21,72,0.0,0.0,0.0,1.0,0.0,1.0,3,2
13.47,7,46,0.0,1.0,0.0,0.0,0.0,1.0,1,1
17.19,11,76,0.0,0.0,0.0,0.0,0.0,0.0,2,1
3.23,17,33,0.0,0.0,0.0,0.0,0.0,0.0,3,1
1.27,25,46,1.0,0.0,0.0,0.0,0.0,0.0,3,1
4.71,20,31,0.0,0.0,0.0,0.0,0.0,0.0,1,4
12.82,28,72,0.0,1.0,0.0,0.0,0.0,0.0,2,2
18.21,6,74,0.0,0.0,0.0,0.0,0.0,0.0,1,2
9.51,26,63,0.0,0.0,0.0,0.0,0.0,0.0,3,4
0.89,9,20,0.0,1.0,0.0,0.0,1.0,0.0,1,4
5.24,26,51,0.0,0.0,0.0,1.0,0.0,1.0,3,1
10.64,11,36,0.0,0.0,0.0,1.0,1.0,0.0,1,2
13.23,20,70,0.0,0.0,0.0,0.0,0.0,0.0,2,3
19.03,8,65,0.0,0.0,0.0,0.0,0.0,1.0,2,4
10.3,29,73,0.0,1.0,0.0,0.0,0.0,0.0,1,2
12.39,14,56,0.0,0.0,1.0,0.0,0.0,0.0,2,2
18.8,23,95,0.0,0.0,0.0,0.0,0.0,0.0,3,1
16.78,22,70,0.0,1.0,0.0,0.0,0.0,0.0,2,4
7.85,7,34,0.0,0.0,0.0,0.0,0.0,1.0,1,1
11.63,29,57,0.0,0.0,0.0,0.0,0.0,1.0,2,3
7.8,17,44,0.0,0.0,0.0,1.0,1.0,0.0,2,1
11.88,5,63,0.0,1.0,0.0,0.0,0.0,0.0,2,1
14.89,22,88,0.0,0.0,0.0,0.0,1.0,0.0,3,2
16.44,12,86,0.0,1.0,0.0,0.0,0.0,0.0,3,1
2.65,14,35,0.0,0.0,0.0,0.0,1.0,0.0,2,1
18.01,14,71,1.0,0.0,0.0,0.0,0.0,0.0,3,3
10.32,24,49,0.0,0.0,0.0,0.0,1.0,0.0,2,3
6.37,29,56,0.0,1.0,0.0,0.0,1.0,0.0,1,1
3.74,19,36,0.0,1.0,0.0,0.0,0.0,0.0,1,4
17.99,5,73,0.0,0.0,0.0,1.0,0.0,0.0,3,2
13.96,5,42,0.0,1.0,0.0,0.0,0.0,0.0,1,3
16.02,20,61,0.0,0.0,0.0,0.0,0.0,0.0,1,2
7.52,17,44,0.0,0.0,0.0,0.0,1.0,0.0,2,1
2.51,16,28,0.0,0.0,0.0,0.0,0.0,0.0,1,4
6.7,23,59,1.0,0.0,0.0,0.0,0.0,1.0,3,4
17.61,5,61,0.0,0.0,0.0,1.0,0.0,0.0,1,4
3.65,29,46,0.0,0.0,0.0,0.0,0.0,0.0,2,4
14.27,24,77,0.0,0.0,0.0,0.0,1.0,0.0,2,3
8.85,11,45,0.0,0.0,0.0,0.0,0.0,0.0,1,1
9.24,8,49,0.0,0.0,0.0,1.0,0.0,0.0,2,1
19.7,16,66,0.0,1.0,0.0,0.0,1.0,0.0,1,2
11.61,19,67,0.0,0.0,0.0,0.0,1.0,0.0,3,4
16.44,8,80,0.0,0.0,0.0,1.0,1.0,0.0,3,1
8.67,12,104,0.0,1.0,0.0,0.0,0.0,0.0,3,1
5.14,23,43,0.0,0.0,0.0,0.0,0.0,1.0,2,2
10.46,25,68,0.0,0.0,0.0,0.0,0.0,0.0,2,2
5.23,23,47,0.0,0.0,0.0,0.0,0.0,1.0,2,4
10.35,7,48,0.0,0.0,0.0,0.0,0.0,0.0,2,3
4.04,14,39,0.0,1.0,0.0,0.0,0.0,0.0,3,2
2.66,16,21,0.0,0.0,0.0,0.0,0.0,0.0,1,1
17.61,9,74,1.0,0.0,0.0,0.0,0.0,0.0,2,1
8.48,11,39,0.0,0.0,0.0,0.0,0.0,0.0,3,3
17.06,9,66,0.0,0.0,0.0,0.0,0.0,0.0,1,2
6.78,18,42,1.0,0.0,0.0,0.0,0.0,0.0,1,3
9.0,29,78,0.0,0.0,1.0,0.0,1.0,0.0,2,1
12.74,12,63,0.0,0.0,0.0,0.0,0.0,1.0,1,1
18.72,17,89,0.0,1.0,0.0,0.0,0.0,0.0,2,1
3.23,7,14,0.0,0.0,0.0,0.0,0.0,0.0,1,1
12.56,22,49,0.0,0.0,0.0,0.0,1.0,0.0,1,4
1.0,28,51,0.0,0.0,1.0,0.0,0.0,0.0,2,4
3.46,24,37,0.0,0.0,0.0,0.0,0.0,0.0,1,4
6.0,20,53,0.0,0.0,1.0,0.0,1.0,0.0,1,4
14.79,12,64,0.0,0.0,0.0,0.0,0.0,1.0,2,4
14.65,19,95,0.0,0.0,1.0,0.0,1.0,0.0,3,4
14.2,17,73,0.0,0.0,0.0,0.0,0.0,0.0,2,1
7.04,11,38,0.0,0.0,0.0,0.0,0.0,0.0,1,1
19.74,16,98,0.0,0.0,0.0,0.0,1.0,0.0,2,1
11.88,20,69,0.0,1.0,0.0,0.0,0.0,0.0,2,2
18.63,26,75,0.0,0.0,0.0,0.0,0.0,0.0,1,2
8.8,6,38,0.0,1.0,0.0,0.0,0.0,0.0,2,1
11.75,9,55,0.0,0.0,0.0,0.0,0.0,0.0,3,4
18.95,27,92,0.0,0.0,1.0,0.0,1.0,0.0,1,4
7.6,16,48,1.0,0.0,0.0,0.0,0.0,0.0,1,4
17.99,11,84,1.0,0.0,0.0,0.0,1.0,0.0,1,4
13.82,21,72,0.0,0.0,0.0,0.0,0.0,0.0,2,2
15.53,26,68,1.0,0.0,0.0,0.0,0.0,0.0,1,2
3.97,19,40,0.0,0.0,0.0,0.0,0.0,0.0,3,1
10.1,17,55,0.0,0.0,0.0,0.0,1.0,0.0,3,4
18.21,5,70,1.0,0.0,0.0,0.0,0.0,0.0,1,4
2.68,16,25,0.0,0.0,0.0,0.0,0.0,0.0,1,4
3.88,9,33,0.0,0.0,1.0,0.0,0.0,0.0,1,4
15.89,15,91,0.0,0.0,1.0,0.0,1.0,0.0,2,1
6.73,21,54,0.0,0.0,0.0,0.0,0.0,0.0,2,1
0.75,10,16,0.0,0.0,0.0,0.0,0.0,0.0,2,1
13.79,11,69,0.0,1.0,0.0,0.0,0.0,1.0,1,3
18.83,5,69,0.0,0.0,0.0,0.0,0.0,1.0,2,2
11.62,9,33,0.0,0.0,0.0,0.0,0.0,0.0,1,1
5.03,17,38,0.0,0.0,0.0,0.0,0.0,0.0,2,4
15.08,26,94,0.0,1.0,0.0,0.0,0.0,1.0,2,2
10.48,10,45,0.0,1.0,0.0,0.0,1.0,0.0,1,1
7.82,16,45,0.0,1.0,0.0,0.0,0.0,0.0,2,2
16.98,11,78,0.0,0.0,0.0,0.0,0.0,0.0,1,1
14.83,19,126,0.0,1.0,0.0,0.0,1.0,0.0,1,4
5.67,11,27,0.0,0.0,0.0,0.0,0.0,1.0,1,4
18.33,5,67,0.0,0.0,1.0,0.0,0.0,1.0,2,4
17.46,6,62,0.0,0.0,0.0,0.0,0.0,1.0,2,4
1.34,9,30,1.0,0.0,0.0,0.0,0.0,0.0,3,2
1.38,13,17,0.0,0.0,0.0,0.0,0.0,1.0,1,4
3.67,9,26,0.0,0.0,0.0,0.0,0.0,0.0,1,1
7.86,22,55,0.0,0.0,0.0,1.0,1.0,0.0,2,4
8.98,22,105,0.0,0.0,0.0,0.0,0.0,1.0,2,1
12.85,6,61,0.0,1.0,0.0,0.0,0.0,1.0,2,2
17.91,6,68,0.0,0.0,0.0,0.0,0.0,0.0,1,1
15.09,20,68,0.0,0.0,1.0,0.0,1.0,0.0,1,4
4.22,16,35,0.0,0.0,0.0,0.0,0.0,0.0,2,4
12.33,7,101,0.0,0.0,0.0,0.0,0.0,0.0,3,3
17.87,29,87,0.0,0.0,1.0,0.0,0.0,1.0,1,4
2.16,10,23,0.0,0.0,0.0,0.0,1.0,0.0,2,3
3.11,21,43,0.0,1.0,0.0,0.0,0.0,1.0,2,4
1.42,24,40,0.0,0.0,0.0,0.0,0.0,1.0,3,1
18.57,16,89,0.0,1.0,0.0,0.0,0.0,0.0,2,1
17.51,15,60,0.0,0.0,0.0,0.0,0.0,0.0,2,2
6.84,25,51,0.0,0.0,0.0,0.0,0.0,0.0,2,2
18.34,22,91,0.0,0.0,1.0,0.0,0.0,1.0,2,1
3.51,22,44,0.0,0.0,0.0,1.0,0.0,0.0,2,3
14.7,6,58,0.0,0.0,0.0,0.0,0.0,1.0,2,4
16.85,17,71,0.0,0.0,0.0,0.0,1.0,0.0,3,4
16.26,27,66,0.0,1.0,0.0,0.0,1.0,0.0,1,4
19.1,25,90,0.0,0.0,1.0,0.0,0.0,0.0,2,4
13.71,22,64,0.0,1.0,0.0,0.0,0.0,0.0,2,2
8.92,10,51,0.0,0.0,0.0,0.0,0.0,0.0,2,1
14.58,23,70,0.0,0.0,0.0,0.0,0.0,0.0,1,2
9.71,27,61,0.0,0.0,0.0,0.0,1.0,0.0,1,1
19.94,26,83,0.0,0.0,0.0,0.0,0.0,0.0,1,1
4.53,18,49,0.0,0.0,1.0,0.0,0.0,1.0,2,4
10.7,8,57,0.0,0.0,0.0,0.0,1.0,0.0,3,1
10.13,22,65,0.0,0.0,0.0,0.0,0.0,0.0,2,2
0.78,11,18,0.0,0.0,0.0,0.0,0.0,0.0,1,1
18.84,25,88,1.0,0.0,0.0,0.0,0.0,1.0,2,1
15.08,29,84,0.0,0.0,1.0,0.0,0.0,0.0,1,2
17.32,10,77,0.0,0.0,0.0,0.0,0.0,1.0,1,2
6.81,23,47,0.0,0.0,0.0,0.0,0.0,0.0,2,2
2.79,23,38,0.0,0.0,0.0,0.0,0.0,0.0,3,4
11.44,14,74,1.0,0.0,0.0,0.0,1.0,0.0,3,1
2.44,13,39,0.0,0.0,1.0,0.0,0.0,0.0,3,2
2.48,20,30,0.0,1.0,0.0,0.0,0.0,1.0,1,2
7.75,21,55,0.0,0.0,0.0,0.0,0.0,1.0,2,2
0.85,9,17,0.0,0.0,0.0,0.0,0.0,0.0,2,4
8.87,19,55,0.0,0.0,0.0,0.0,0.0,0.0,1,2
15.37,15,66,0.0,0.0,1.0,0.0,1.0,0.0,2,1
10.29,25,67,1.0,0.0,0.0,0.0,0.0,1.0,2,2
15.06,22,65,0.0,1.0,0.0,0.0,0.0,0.0,1,4
3.54,23,37,1.0,0.0,0.0,0.0,0.0,0.0,1,1
7.17,7,29,0.0,0.0,0.0,0.0,0.0,1.0,2,4
4.62,8,33,0.0,1.0,0.0,0.0,1.0,0.0,2,1
5.53,10,27,0.0,0.0,0.0,0.0,1.0,0.0,1,4
12.74,17,63,0.0,1.0,0.0,0.0,0.0,0.0,1,1
9.06,26,61,0.0,0.0,0.0,0.0,0.0,0.0,3,2
2.71,6,28,1.0,0.0,0.0,0.0,0.0,0.0,1,4
16.92,23,78,0.0,0.0,0.0,0.0,0.0,0.0,1,3
13.54,11,54,1.0,0.0,0.0,0.0,0.0,0.0,1,4
1.0,25,44,0.0,0.0,1.0,0.0,0.0,0.0,2,4
8.77,12,42,0.0,0.0,0.0,0.0,1.0,0.0,2,4
16.01,28,84,0.0,0.0,0.0,1.0,1.0,0.0,1,4
12.63,8,49,1.0,0.0,0.0,0.0,0.0,1.0,2,3
8.09,22,56,1.0,0.0,0.0,0.0,1.0,0.0,1,2
6.54,10,39,0.0,0.0,0.0,0.0,0.0,0.0,2,3
10.64,14,45,0.0,0.0,0.0,0.0,0.0,1.0,2,1
1.77,14,22,0.0,0.0,0.0,0.0,0.0,0.0,2,2
13.0,25,77,1.0,0.0,0.0,0.0,0.0,0.0,1,2
12.83,5,50,0.0,0.0,0.0,0.0,0.0,0.0,1,2
13.02,6,65,0.0,0.0,1.0,0.0,1.0,0.0,3,1
18.89,22,74,0.0,1.0,0.0,0.0,0.0,1.0,2,4
10.53,25,72,1.0,0.0,0.0,0.0,0.0,0.0,3,2
5.01,10,31,0.0,1.0,0.0,0.0,0.0,0.0,1,1
16.0,13,65,1.0,0.0,0.0,0.0,0.0,1.0,2,1
17.86,16,83,0.0,0.0,0.0,0.0,0.0,1.0,1,1
2.99,9,90,1.0,0.0,0.0,0.0,0.0,0.0,3,1
16.38,6,51,0.0,0.0,0.0,0.0,0.0,0.0,2,4
6.09,7,27,0.0,0.0,0.0,0.0,0.0,0.0,2,3
13.61,26,66,0.0,0.0,0.0,0.0,0.0,0.0,1,4
8.5,14,56,0.0,0.0,1.0,0.0,0.0,0.0,3,2
8.55,28,46,0.0,0.0,0.0,0.0,0.0,1.0,1,2
4.05,21,39,0.0,0.0,0.0,0.0,0.0,1.0,2,1
19.5,18,73,0.0,0.0,0.0,0.0,0.0,0.0,3,4
7.59,16,37,0.0,0.0,0.0,0.0,0.0,1.0,2,1
16.66,29,95,0.0,0.0,1.0,0.0,0.0,1.0,3,1
19.41,21,100,0.0,0.0,1.0,0.0,1.0,0.0,3,2
13.74,6,56,1.0,0.0,0.0,0.0,0.0,0.0,2,1
0.64,10,24,0.0,0.0,0.0,0.0,0.0,0.0,3,3
12.1,11,53,0.0,0.0,0.0,0.0,0.0,0.0,3,1
12.09,13,60,0.0,0.0,0.0,0.0,1.0,0.0,2,4
11.82,24,77,0.0,0.0,0.0,1.0,0.0,0.0,2,3
5.28,27,53,1.0,0.0,0.0,0.0,0.0,0.0,1,4
5.98,22,35,0.0,0.0,0.0,0.0,1.0,0.0,1,2
2.93,24,94,0.0,0.0,0.0,0.0,0.0,0.0,2,4
4.05,19,50,0.0,0.0,1.0,0.0,0.0,1.0,2,2
13.61,12,43,0.0,0.0,0.0,0.0,0.0,1.0,1,1
2.88,16,41,0.0,1.0,0.0,0.0,1.0,0.0,2,4
5.91,29,57,0.0,0.0,0.0,0.0,0.0,1.0,2,2
6.0,21,47,0.0,1.0,0.0,0.0,0.0,1.0,2,2
11.33,29,77,0.0,0.0,0.0,0.0,0.0,1.0,2,1
15.01,15,64,0.0,0.0,0.0,0.0,0.0,0.0,2,4
6.85,16,48,0.0,0.0,0.0,0.0,0.0,0.0,3,4
11.93,7,75,0.0,0.0,1.0,0.0,1.0,0.0,3,4
18.82,5,77,0.0,0.0,0.0,1.0,1.0,0.0,1,4
1.03,19,29,0.0,0.0,0.0,0.0,0.0,0.0,2,1
14.22,25,84,0.0,1.0,0.0,0.0,1.0,0.0,2,2
18.18,17,85,0.0,0.0,1.0,0.0,0.0,0.0,3,1
14.75,10,62,0.0,0.0,0.0,0.0,1.0,0.0,1,4
11.7,17,60,0.0,1.0,0.0,0.0,0.0,0.0,1,1
10.68,14,42,0.0,0.0,0.0,0.0,0.0,0.0,1,4
1.51,26,44,0.0,0.0,0.0,0.0,0.0,0.0,3,2
8.01,8,48,0.0,0.0,0.0,0.0,0.0,0.0,3,4
3.23,25,42,0.0,1.0,0.0,0.0,1.0,0.0,1,4
13.16,25,68,0.0,1.0,0.0,0.0,0.0,1.0,3,4
10.11,11,44,0.0,0.0,0.0,1.0,0.0,0.0,1,4
18.39,24,74,0.0,0.0,0.0,1.0,0.0,0.0,1,1
10.62,22,54,0.0,0.0,0.0,1.0,1.0,0.0,2,1
10.73,7,57,0.0,0.0,0.0,0.0,0.0,0.0,2,1
6.23,20,51,0.0,0.0,0.0,0.0,1.0,0.0,2,2
2.14,25,36,0.0,0.0,0.0,0.0,0.0,0.0,1,1
12.83,19,76,0.0,0.0,0.0,0.0,0.0,0.0,2,4
8.37,13,42,0.0,0.0,0.0,0.0,0.0,1.0,3,2
3.69,8,27,0.0,1.0,0.0,0.0,0.0,0.0,2,1
18.1,8,77,0.0,0.0,0.0,0.0,0.0,1.0,1,4
7.06,26,51,0.0,0.0,0.0,0.0,0.0,1.0,1,1
1.94,10,25,1.0,0.0,0.0,0.0,0.0,0.0,1,3
0.59,21,27,0.0,0.0,0.0,0.0,0.0,0.0,1,1
17.01,28,97,0.0,0.0,1.0,0.0,0.0,0.0,1,3
5.36,11,30,0.0,0.0,0.0,0.0,0.0,1.0,1,1
12.0,25,75,0.0,0.0,0.0,0.0,1.0,0.0,1,2
16.23,6,54,0.0,0.0,0.0,0.0,0.0,0.0,2,2
19.04,12,60,0.0,1.0,0.0,0.0,1.0,0.0,1,2
18.33,19,98,1.0,0.0,0.0,0.0,0.0,1.0,2,4
2.58,25,37,0.0,0.0,0.0,0.0,0.0,1.0,2,4
4.65,21,46,0.0,0.0,0.0,0.0,0.0,0.0,2,2
17.33,12,79,0.0,0.0,1.0,0.0,0.0,1.0,1,2
0.68,29,50,0.0,0.0,1.0,0.0,0.0,0.0,3,2
19.33,7,73,0.0,0.0,0.0,0.0,0.0,0.0,2,4
3.42,11,24,0.0,0.0,0.0,0.0,1.0,0.0,2,3
19.02,22,106,0.0,1.0,0.0,0.0,0.0,1.0,3,2
17.81,21,122,0.0,0.0,0.0,1.0,0.0,0.0,3,2
2.67,17,28,0.0,0.0,0.0,0.0,1.0,0.0,2,3
19.24,26,114,0.0,0.0,1.0,0.0,0.0,0.0,1,1
14.41,16,85,0.0,1.0,0.0,0.0,0.0,0.0,2,3
2.41,15,25,0.0,0.0,0.0,0.0,0.0,0.0,2,2
17.98,5,45,0.0,0.0,0.0,0.0,0.0,0.0,1,2
7.34,22,93,1.0,0.0,0.0,0.0,0.0,0.0,2,1
12.51,18,62,0.0,0.0,0.0,0.0,0.0,0.0,2,2
4.97,17,34,0.0,1.0,0.0,0.0,0.0,0.0,1,2
19.1,18,101,0.0,0.0,1.0,0.0,0.0,0.0,1,1
4.64,15,24,0.0,0.0,0.0,0.0,0.0,0.0,1,1
14.07,10,63,0.0,1.0,0.0,0.0,0.0,0.0,1,2
3.79,13,34,0.0,0.0,0.0,0.0,0.0,0.0,2,4
3.96,23,44,0.0,0.0,0.0,0.0,0.0,0.0,2,1
18.31,25,79,0.0,0.0,0.0,0.0,0.0,0.0,2,1
6.76,7,42,1.0,0.0,0.0,0.0,0.0,0.0,2,3
0.76,26,28,0.0,0.0,0.0,0.0,1.0,0.0,1,1
5.81,14,41,0.0,1.0,0.0,0.0,0.0,0.0,2,2
12.08,16,60,0.0,0.0,0.0,0.0,0.0,1.0,3,1
1.57,16,30,0.0,1.0,0.0,0.0,1.0,0.0,1,2
11.89,28,79,0.0,0.0,0.0,0.0,0.0,0.0,2,1
7.02,23,53,0.0,0.0,0.0,0.0,1.0,0.0,2,2
13.85,29,71,0.0,0.0,0.0,0.0,0.0,0.0,1,2
9.32,24,71,0.0,1.0,0.0,0.0,0.0,1.0,2,2
7.72,19,64,1.0,0.0,0.0,0.0,0.0,0.0,3,2
8.15,26,50,0.0,1.0,0.0,0.0,0.0,0.0,1,1
3.54,17,41,0.0,1.0,0.0,0.0,0.0,1.0,2,1
3.16,9,27,0.0,0.0,1.0,0.0,1.0,0.0,1,4
11.65,10,53,0.0,0.0,0.0,1.0,0.0,0.0,1,3
5.22,14,43,0.0,0.0,1.0,0.0,0.0,1.0,2,1
5.41,17,38,0.0,0.0,0.0,0.0,0.0,1.0,3,4
9.88,7,43,0.0,1.0,0.0,0.0,1.0,0.0,2,4
19.86,12,71,0.0,1.0,0.0,0.0,0.0,0.0,3,2
5.53,23,59,0.0,0.0,0.0,1.0,0.0,0.0,3,4
12.46,10,62,1.0,0.0,0.0,0.0,0.0,0.0,1,1
1.38,6,17,0.0,0.0,0.0,0.0,1.0,0.0,2,4
10.79,24,65,0.0,0.0,0.0,0.0,0.0,1.0,2,2
14.23,23,70,0.0,0.0,0.0,0.0,0.0,1.0,2,1
1.21,22,39,0.0,0.0,1.0,0.0,0.0,0.0,1,1
11.1,18,56,0.0,0.0,0.0,0.0,0.0,0.0,1,1
17.1,25,65,0.0,0.0,0.0,0.0,0.0,0.0,2,2
3.22,19,32,0.0,0.0,0.0,0.0,0.0,0.0,2,1
19.27,29,85,1.0,0.0,0.0,0.0,1.0,0.0,2,4
2.82,10,29,0.0,1.0,0.0,0.0,0.0,1.0,2,2
7.67,22,59,1.0,0.0,0.0,0.0,0.0,1.0,2,1
16.07,16,64,0.0,0.0,0.0,0.0,0.0,0.0,2,2
7.97,9,35,0.0,0.0,0.0,1.0,0.0,1.0,2,2
18.0,22,98,0.0,1.0,0.0,0.0,1.0,0.0,3,3
16.17,12,78,0.0,0.0,0.0,0.0,0.0,1.0,2,2
14.86,15,91,0.0,0.0,0.0,0.0,0.0,1.0,3,3
11.68,25,70,0.0,0.0,0.0,0.0,0.0,1.0,2,1
12.59,10,39,0.0,0.0,0.0,0.0,0.0,1.0,1,2
8.96,6,51,0.0,0.0,1.0,0.0,1.0,0.0,2,4
16.51,7,79,0.0,0.0,0.0,0.0,0.0,0.0,2,4
16.01,12,72,0.0,0.0,0.0,0.0,1.0,0.0,1,1
19.74,11,81,0.0,1.0,0.0,0.0,0.0,1.0,3,1
8.64,29,62,0.0,0.0,1.0,0.0,0.0,0.0,1,2
5.13,16,38,0.0,0.0,0.0,0.0,1.0,0.0,2,4
5.78,11,38,0.0,0.0,0.0,0.0,0.0,0.0,3,4
2.6,16,29,0.0,0.0,0.0,0.0,0.0,0.0,1,1
2.34,8,28,1.0,0.0,0.0,0.0,0.0,0.0,2,4
12.93,20,58,0.0,0.0,0.0,0.0,0.0,1.0,2,4
1.6,14,24,0.0,0.0,0.0,0.0,0.0,0.0,2,2
7.44,27,53,0.0,1.0,0.0,0.0,0.0,0.0,1,2
14.39,6,50,0.0,1.0,0.0,0.0,0.0,1.0,2,4
6.07,18,35,0.0,0.0,0.0,0.0,0.0,0.0,1,1
17.97,28,92,0.0,0.0,0.0,1.0,0.0,1.0,2,4
17.53,14,79,0.0,0.0,0.0,0.0,0.0,0.0,1,1
12.43,13,70,0.0,1.0,0.0,0.0,0.0,0.0,3,4
10.89,7,58,0.0,0.0,0.0,1.0,0.0,0.0,2,2
4.37,6,25,0.0,0.0,0.0,0.0,0.0,1.0,2,2
8.5,13,54,0.0,0.0,0.0,0.0,1.0,0.0,3,2
16.28,8,71,0.0,1.0,0.0,0.0,0.0,1.0,1,4
15.62,26,81,0.0,0.0,1.0,0.0,0.0,1.0,3,2
14.17,8,55,0.0,0.0,0.0,0.0,0.0,0.0,1,1
6.63,24,58,1.0,0.0,0.0,0.0,0.0,1.0,1,3
